trend_id,volume,engagement,unique_creators,current_stage,growth_rate_7d,acceleration,sweet_spot_days_left,recommended_actions
Bill Gates,145000.0,1483981,"['invitrogen', 'MichiganPK', 'JoWiseconative', 'Jekklez1980', 'scherer_karla', 'carlyvanheerden', 'LeBonTravel', 'TRohanian', 'zacblack117', 'DAmericasFuture', 'ygbsmpeople', 'SBleftCA', 'Richard10221751', 'blucat88', 'GlendaOleson', 'Patrici54126290', 'grok', 'david_sisye']",emerging,10.234281142888669,6.185027303552932,10.234281142888669,Hop in now
Chargers,103000.0,812681,"['ChargersMemes', 'KMASports', 'Philipp_Swl', 'tiMCrow666', 'Rheal_Tboy', 'TheMeatDragon', 'himmovie', 'CaribbeanTitan', 'Landis_welch777', 'burdknowsball', 'grok', 'Dielon_13', 'DreamOfTy_', 'Ojibwe_Viking', 'friezsnake', 'burst_sports', 'itsmfrip', 'BobDeLacyJr', 'Jonathanstewar1', 'basedcaliber']",emerging,7.890030193881612,4.768293101750846,7.890030193881613,Hop in now
From CNBLUE UN Support,103000.0,9909,"['CNBLUE_UN_Spt', 'AmkaLurun', 'lizhimin778863', 'wnyeffects', 'dinimollababy', 'sg_shirleyc', 'Ainnahah', 'lovely_eyla', 'JYHBestRockStar', 'w_anggra']",stable,0.09620294948592732,0.05813968376921466,0.09620294948592732,Maintain position
#DICE_THEMYSTICROLL,29000.0,2330,"['kkanansi', '22andjunii', 'Laboonrental', 'KimMatalinn', 'vickynakai', 'seasid3_', 'cherishjapo', 'jpgfphone97', 'aa_aasc', 'somondae', 'pajinkoo', 'Anna07016', 'reanhipp_o', 'jintotheyin', 'ScorpiiPong', 'cherrierubyp', 'ntps_', 'barneymkk', 'Chanattt__', 'BoMMeKuN']",stable,0.0803420571704424,0.048554247268073364,0.08034205717044239,Maintain position
Pacheco,103000.0,895,"['J_M_clucellas', 'jenpiacenti', 'DFBrothers', 'nhuzue', 'jmeyers217', 'pacheco_goulart', 'onlydeelight', 'KingOfLeawood', 'YZR_Fantasy', 'nuclearffnolan', 'hijadeyutas', 'PDBetss', '_BushaT', 'cssavedme', 'bronson_OG', 'chrislr15r', 'Andrew_Gass', 'Evandro578540']",stable,0.00868923602683469,0.005251288421984773,0.00868923602683469,Maintain position
COVID-19,45000.0,172,"['tampa_npa', 'ikeguchitf64', 'tatiann69922625', 'twiddessofmusic', 'P1231032850', 'Pamelall', 'BrownM37465', 'Do_Not__Comply', 'epw_in', 'TheNationNews', 'grok', 'MillerWebuzr', 'beemoneey_', 'ymori117']",stable,0.0038221372858380925,0.0023098860721900987,0.0038221372858380925,Maintain position
Chargers,102000.0,205589,"['Lolotips', 'AzspNews', 'Mason77514013', 'CEtalks', 'y0rdan__', 'kingmarrun276', 'JordanFWinter', 'AmericaInvests', 'LASlayer13', 'EternalMis42758', 'himmovie', 'ChiefsOutWest', 'lukasnevosad', 'populartahj', 'CarnivoreGuy', 'jiguhhboohoo', 'TKMGMT04', 'nflpress_digest', 'henryzzle', 'ZStuehler']",peak,2.0155586709934217,1.2180909668159177,2.0155586709934217,Leverage while peak
#FanBenefitTourwithgulf,298667.0,206,"['Kanawut_Nora', 'TeamKanaItaly', 'Srt_aeea', 'YOU12301489', 'Trust_UUUU', 'M86858694', 'umi16756200', 'Pbsunflower14', 'JaitipJu', 'aon_baon', 'pvGulf', 'BebeSwk', 'phaengnet', 'Dolly85382269', 'suenoi41', 'bg041217', 'GKanawut81513']",stable,0.000689729063709537,0.00041683368196912676,0.000689729063709537,Maintain position
#LetsGlowPING,18000.0,600,"['Courtneyy069', 'whuwhu_', 'MMoonlover11', 'PtrSupport', 'butterntp', 'melodyxixi9', 'yingbenlkn', 'Anna141995', 'meanmean1m', 'lxxkmook', 'ss501_wiwit', 'utriibellinda88', 'gsn_s284', 'JuthathipS39695']",stable,0.03333148158435643,0.020143683839520535,0.03333148158435643,Maintain position
Western United,9762.0,191612,"['wests_glory', 'The_JBS', 'NickGalatas', 'PengAmy1', 'maphumanintent', 'ArthurKiousis', 'the_stumpy', 'GileArkinon', 'IsraelMilitaryC', 'joeylynchy', 'AmericaInvests', 'georgechocola', 'abcsport', 'footballvic', 'thewswpost', 'CosmicMatt92', 'DPhimphisane', 'azulabetter', 'herwaysports']",emerging,19.626344361364335,11.86106518368596,19.626344361364335,Hop in now
Chargers,106000.0,812716,"['Jonathanstewar1', 'KMASports', 'grok', 'basedcaliber', 'ChargersMemes', 'Rheal_Tboy', 'Philipp_Swl', 'himmovie', 'burdknowsball', 'Landis_welch777', 'BobDeLacyJr', 'itsmfrip', 'TheMeatDragon', 'DreamOfTy_', 'historicpickups', 'Dielon_13', 'burst_sports', 'DavidMc21883433', 'CaribbeanTitan', 'IsaihSenpai']",emerging,7.667059744719389,4.633542229002733,7.667059744719389,Hop in now
Phase 3,92000.0,8480,"['mb__billions', 'domauto', 'Donkers49', 'kss012493', 'Deadnads', 'Palash433', 'rec777777', 'eRotation', 'grok', 'RPRealtyPlus', 'Erman_Akkus', 'vivarevleb', '_____jd____', 'Rony_201000', 'geng_gold', 'optimist9_3', 'MetroRailToday_', 'toresaidk', 'Valakus']",stable,0.09217291116400908,0.055704153934982105,0.09217291116400908,Maintain position
#21stPingBDMerit,34521.0,8100,"['knulekk_KN', 'SUPPORTMEENPING', 'nnnnnn_niiii', 'yingbenlkn', 'TYommana', 'NOK_1212', 'Arriya2P45880', 'pinocchioohh', 'MeowWoody67166', 'dymppp', 'Thida_aiw', 'aoynaka_igot7', 'YakuboeGi', 'wrphririmilint1', 'nok5joke', 'DawanSangt88']",stable,0.23463298766004287,0.14179905894025038,0.23463298766004287,Maintain position
#IdolFactoryRespectFB,33000.0,908,"['JulsFernanda', 'PSac_FreenBecky', 'whatifering', 'Mariam61804259', 'Vayo_Bleu0805', 'BelovedxFB', 'FernandaSocola', 'sky_n_freen', 'PhuongThao1217', 'FB_enthusiast', 'LauraD4vil4', 'thisisdobleu', 'miduR_', 'prado_nilda', 'pattyta503_']",stable,0.02751431774794703,0.016628115266105567,0.02751431774794703,Maintain position
MEMOIR LAST CHAPTER,188000.0,8,"['arisara2927', 'warizzton', 'jellyuwuw', 'cherrymoonlo', 'hosperth', 'angle_meoww', 'LostMok', 'ConnieHepo', 'PeachieRuby_', 'nobody6know', 'zzemnho', 'iTomlinsonJonas', 'Haru_BLove', 'alfonsopv0', 'May14029112', 'adriely_fretes', 'NomNomHanger']",stable,4.2552965143802425e-05,2.5716632911187292e-05,4.2552965143802425e-05,Maintain position
Tchouameni,13000.0,507,"['jeen_yuhsssss', 'pelonpuskk', 'piobren0', 'muchsaucejaymiu', 'S2ASTAM', 'RealMadridTBest', 'LwazmeroDlams', 'kiko8898', 'pmadridistabd', 'karimalex_', 'Wick9422', 'saysyl_sangwa', 'raph59block', 'JabberCR', 'BeckhamLindo', 'mukhtar_gubio', 'FGuilhermeM', 'thandokuhlehm', 'thewhi8s', 'gbtipsterbr']",stable,0.03899700023075148,0.02356760653887791,0.03899700023075148,Maintain position
Deputy PM,34000.0,416,"['Parijat_Karan', 'CF680E1A4', 'hoare_', 'Adam00872774', '3agleQ', 'Derbyshire78850', 'johnredwood', 'streets', 'JamesRoberts330', 'grok', 'greeneconomyact', 'Whatspctoday', 'Gumbrell01', 'RaviShank06', 'aishamusic', 'viewfromnz', 'Wright4037', 'PGSW14', 'DianaMincher', 'grahampointer72']",stable,0.012234934266639217,0.0073941101910143334,0.012234934266639217,Maintain position
Collingwood,345221.0,184466,"['AusFrAnNoZ', 'dl_ferrar0', 'robert75096586', 'EZprofitsAI', 'verynormalman', 'CollingwoodcpcC', 'AmericaInvests', 'BillRossiter1', 'steedencentral', 'CortinoVictor', 'PaulCar05391684', 'DickBranson', 'e_squirrelson', 'michele71438447', 'grok', 'Liam2799', 'TrentBrace', 'big_gus13', 'corkers898']",stable,0.5343402216544716,0.3229253539332229,0.5343402216544716,Maintain position
Guthrie,133344.0,1657,"['guthrie_cd', 'MG_Farma', 'LongMacVampyr', 'MathewBowden', 'JExodus21', 'RJB242', 'luckyredtoo', 'ixnaqisah1', 'dipre_frank', 'leeroyzzzz', 'pjohnson_sports', 'viaconcommand', 'kjh1138', 'ForrestsMind', 'FarukalSaymaok', 'hutcho66', 'JChiz721', '1312since1997', 'denjhshelmetta']",stable,0.012426412688889723,0.007509829043479466,0.012426412688889723,Maintain position
Cam Newton,233334.0,686,"['FreeWillie21', 'MasonMammoth', 'GilmourTim', 'showdedoop', 'Nameiseric71294', '1tonyg', 'Mamadean163', 'KeglovicLe83808', 'ksitomer3', 'AshleyTXBurner', 'CaiuaNasc', 'dirtybagpipes', 'monforda1', 'dirtydansutter', 'bodizz104', 'jordanlittel', 'Drew_This14', 'chsm25866965', 'ScAr801', 'MdToufik380006']",stable,0.002939979000149999,0.0017767589275613281,0.0029399790001499986,Maintain position
queendom the series ep5,354542.0,47165,"['LucyLeigut', 'GiniiG', 'j7heii', 'patheinfatuati', 'storebetweenus', 'canzhiting0815', 'AkoMontoo', 'wiljustbwl', 'WeTVThailand', 'riminus27', 'AG0R_mx', 'darlentinaur']",stable,0.13303040815923597,0.08039614069419901,0.13303040815923597,Maintain position
From CNBLUE UN Support,2333222.0,10265,"['wnyeffects', 'JYHBestRockStar', 'lovely_eyla', 'w_anggra', 'lizhimin778863', 'CNBLUE_UN_Spt', 'sg_shirleyc', 'dinimollababy', 'AmkaLurun', 'Ainnahah']",stable,0.00439949374749006,0.002658808036453454,0.00439949374749006,Maintain position
Prophet Muhammad,38000.0,578,"['GTVNewsPk', 'IbaLawalHO', 'experzvibes', 'NPFPak', 'TheNationNews', 'tahirmbs', 'Efkar_1', 'AnatomyOfSufism', 'Rosesharmaharsh', 'grok', 'Boundary22', 'xc_nigeria', 'NewsNowJK', 'muslim_1065', 'jabir298', 'SHABNUM26', 'AMCOSKILLBD', '__Aisha_q56', 'Nasir1015']",stable,0.015210126049314491,0.00919214975551656,0.015210126049314491,Maintain position
Department of War,102000.0,63,"['MaxxWinter', 'ectanker', '_sab_shubh_ho_', 'AboundingMyths', 'laughing747', 'sarahyokokawa', 'CrescentFeed', 'AzorInfo', 'rk_suganthan', 'freethought2023', '12OnYourSide', 'Kwame19888891', 'dawnu56', 'SeaLion_799', 'TheSecretPony', 'Warrior6677799', 'KCRG', 'KarylTheCat', 'VKMYR', 'WillUK1776']",stable,0.0006176410035195733,0.00037326768897850965,0.0006176410035195733,Maintain position
John Cena,42000.0,414,"['PepeMC26', 'SOFIRESAPPHIRE', 'TheeSaltine', 'ChadBec82312937', 'KokoKareem_', 'ThomasWrrld', 'Ryan_Griffith21', 'countchrisHBZ', 'wtflmaoooooi', 'GregHatlen', 'Verbalycal', 'iitsTemper', 'WS_WolfStar', 'ChristFaithNow', 'g7s19p16', 'HakaiShins12', 'DontBAMark', 'MarsJones277', 'VARcelona2don', 'Nephzee_King']",stable,0.009856908168853122,0.005956964177726585,0.009856908168853122,Maintain position
Chris Jones,27905.0,38861,"['BarrWilf', 'FloydcheckHook', 'doubtfireissexy', 'maleek223', 'ThisMyMoniker', 'JohnBorchert24', 'PresidentXavi', 'TheMeatDragon', 'luckyse7ens1', 'WavyKahlil', 'pgsween', 'SoFi', 'MillsonLar24639', 'alltoocharles', 'newyorkgiantman', 'ryguy829', 'kyoumacapital', 'ArrowheadPride', 'KCAvsFan9']",stable,1.3925679065433958,0.8415901814469184,1.3925679065433956,Maintain position
Douglas Alexander,44466.0,590,"['Shetlander1978', 't20696678', 'KAlmsivi', 'Doogsta', 'NConway2', 'GASPurves', 'pmci1978', 'Alexand60844330', 'JoshuaMWilkes', 'MarkCairns67', '2351onthelist', 'alexandermckay2', 'RickyCa69392149', 'photoclassic', 'Camz99', 'MoFloMoJo']",stable,0.013268266354824927,0.00801859832944181,0.013268266354824925,Maintain position
Ed Sheeran,5679.0,1554,"['colette0529', 'lukavideos31', 'khaleejtimes', 'Chan68696869', 'channelrradio', 'maryam_fcb', 'cclolita22', 'AiraShinonome', 'BrowningHat', 'lbero_game', 'Hitchcocksbaby', 'TrumplicanWINN', 'Saffron_Sniper1', 'marinangrrr', 'quiksilver4238', 'MrKerberos62', 'YourEyesOn1009', 'MetaverseGamer1', 'meloperfect_']",stable,0.27359154929577467,0.1653434353414774,0.27359154929577467,Maintain position
Collingwood,56677.0,2849586,"['DAmericasFuture', 'EZprofitsAI', 'grok', 'DickBranson', 'CollingwoodcpcC', 'e_squirrelson', 'TrentBrace', 'big_gus13', 'AmericaInvests', 'michele71438447', 'AusFrAnNoZ', 'robert75096586', 'BillRossiter1', 'CortinoVictor', 'Liam2799', 'steedencentral', 'PaulCar05391684', 'LASIKdotcom', 'corkers898']",emerging,50.2767564134232,30.384460501866947,50.27675641342319,Hop in now
#idolFactoryTH,66000.0,1089,"['BrosZa88', 'PSac_FreenBecky', 'IDF_Latino', 'iribe00', 'ParulNi84747170', 'AlFB_LOVE', 'BABE_OFC', 'FB_enthusiast', 'CUABU_FB', 'sal_freenbeck', 'R_ImUrS', 'FreenBeckyITA', 'yyds_fbswift', 'irazema_ma', 'Leccis2', '3579Lupita']",stable,0.01649975000378782,0.0099715263681354,0.01649975000378782,Maintain position
Hollow Knight,90000.0,228,"['701delta', 'youve_got', 'sunnyman601', 'Bergino_Lviv', 'RaccoonDuD', 'GreenGuyAnjo', 'ImNotThisP3rson', 'Elricdecom', 'PshyCover', 'EdgarEC_', 'o0mrm0o', 'giovannirdamico', 'TheRealDanberhe', 'vvolfer_x', 'uwutow', 'game_tvstation', '58nekonoken', 'DarthMicroT', '1CrazyFoxx1', 'random_fedora']",stable,0.002533305185497939,0.001530988011935195,0.002533305185497939,Maintain position
MEMOIR LAST CHAPTER,192000.0,9,"['_dalbitkkot', 'WenWenIsMe', 'aoulways', 'Tam_2505', 'ConnieHepo', 'Soloxte658807', 'forrrRfarrr', 'thtil', 'NomNomHanger', 'j2besno', 'Hope_nnt', 'ppprunprinzz', 'skylinekordai', 'imnnin_ox', 'nuyenthusiast', 'uuumch_', 'iimcream5']",stable,4.687475586064656e-05,2.8328481580450818e-05,4.687475586064656e-05,Maintain position
Duchess of Kent,18000.0,404,"['kamjoe3', 'MeganHa40250780', 'omega_paladin', 'brozovicbasic', 'utahagen', 'JohnMcK42214', 'pluckiepluck', 'geraldi79421313', 'brndwashington', 'MrsFHarbottle', 'troyrecord', 'Geraldi67883608', 'paulnickersonuk', 'truckindiesel', 'KRMGtulsa', 'day156324', 'Anthea143289202', '9aCedarCourt']",stable,0.022443197600133327,0.01356341378527716,0.022443197600133327,Maintain position
#DICE_THEFIRSTCONCERT,7533.0,4793,"['thisheartformk', 'krpkcncn', 'DICE_SONRAY', 'lixy_tttt', 'stmygfxo', 'miinnmin_z', '4everkurabloom', 'marshmallowithy', 'Krub_she', 'farhaurie', 'DDDrreeaamm', 'woowdres', 'pppgreenppp', 'lovumydream', 'cherishjapo', 'Anna07016', 'pihtman20x3']",stable,0.6361826387045394,0.3844732165842486,0.6361826387045395,Maintain position
#YourSkyFanmeetinSeoulR1,,152,"['onlyauausavee', 'Korurumod1', 'ryjmhnt021321', 'AuauSaveMyatNoe', 'deerestyeol', 'RMjudjid', 'maysaamira222', 'hoyslin8517', 'jirokaju', 'jibjeab', 'kongjirokjr', 'phiangporpor', 'baiporteetee', 'NLlw3g7lMrrlwBr', 'maxtiwnat', 'Aeris_ZoNZoN', 'auausavekuff', 'x_oppo9126', 'SunFlower_JHw']",stable,,,,Maintain position
ADLK IN CHENGDU,24000.0,4270,"['BrookeDavi7034', 'Angeline411427', 'min9999_r', 'Lisalisa2731997', 'AA6922423517396', 'NgamWanalee', 'aneung3127', 'RinBuy49755', 'ChampA2323', 'pjung_pookluk', 'yi_mo81996', 'suputtar0210', 'mewxpn', 'AL11_27']",stable,0.17790925378109246,0.10751840572167431,0.17790925378109246,Maintain position
Thomas Legrand,33334.0,5055,"['FredericN764', 'Break08Stephane', 'ToutcramerV2', 'BenjaminBakouch', 'PoliceRealites', 'sphthomas', 'herstalle', 'KadoKero', 'F_Desouche', 'AlpesTango', 'grok', 'ONCLE_ARCHIBALD', 'Ray17La', 'JFcinetv', 'paoloarieldov', 'ACTUFSI', 'PalaczMarc', 'jerome_buisson', 'lauhadj2']",stable,0.15164241787910604,0.09164419873405241,0.15164241787910604,Maintain position
Socceroos,55426.0,9496,"['Socceroos', 'wswanderersfc', 'heraldsunsport', 'cmail_sport', 'AlexfromMelb', 'RocBSyd', 'jordanspurcell', 'CCMariners', 'CosmicMatt92', 'USMNTfanatics16', 'RaneroAndres', 'maimaidenden', 'SBSSportau', 'codefootballau', 'arcadia441', 'serieAchronpod', 'Adopta1Indigena', 'Footbal64150902']",stable,0.17132444476518663,0.10353891532235511,0.17132444476518663,Maintain position
Guthrie,25662.0,1653,"['RJB242', 'kjh1138', 'hutcho66', 'MG_Farma', '1312since1997', 'guthrie_cd', 'luckyredtoo', 'viaconcommand', 'pjohnson_sports', 'MathewBowden', 'ixnaqisah1', 'dipre_frank', 'leeroyzzzz', 'LongMacVampyr', 'FarukalSaymaok', 'JChiz721', 'ForrestsMind', 'denjhshelmetta', 'JExodus21']",stable,0.06441179908818143,0.038926889975871924,0.06441179908818144,Maintain position
#The_DECADE_of_DAY6,246666.0,32719,"['lunaweb3_', 'maumfd6', 'Nadycasylva', '_deoksu6', 'from_ddungdin', 'Soso__3244', 'floresslovely', 'MindZeaBetter', 'from_haei', 'KITTY_1010_CAT', 'yourbuddyOT6', 'MonstaJooMin', 'ZeeBrym53411', 'Guun_bam_', 'teachdresscode', 'myday0826', 'dowoongdowoong', 'iamaneugeu', 'PortalDAY6BR']",stable,0.13264441534538468,0.08016286821914058,0.13264441534538468,Maintain position
E-ID,433322.0,461,"['acama_girl', 'matthiasebneter', 'SuisseFederee', 'USchuepbach', 'UeliDer', 'Asinokoat', 'KuedeHuber', 'ChilchbergerBL', 'RudolfSchenker3', 'RenateGautschy', 'Cooky4422548977', 'daniel_gugger', 'Pirouette15']",stable,0.0010638715230901659,0.0006429444653626025,0.001063871523090166,Maintain position
Michael Cole,2224.0,614,"['_StrongestHanma', 'LivDomRox', 'Salem3Janet', 'NoahTheBlessed1', 'solrocknroll', 'rendale', 'TLH_Updates', 'factsmanhimself', 'wrestlingn_', 'RaptorFGC', 'BrownNeo__', '411wrestling', 'AhmadMuhammad97', 'JtGWrites', 'HarleyQ2You', 'TFann24', 'SalemAlharbii98', 'ItsMiguelNava24']",stable,0.2759550561797753,0.1667718067537516,0.2759550561797753,Maintain position
#WishJimmyAllWell2025,4333.0,4918,"['nmlanpp', 'jimsealuvr', 'SworldP', 'Macchiato311', 'pabexw0', 'inlovemesomuch', 'meiy__k2', 'Maprang307', 'Twinwow_', 'mlltpttnms', '_Molony_', 'jaysaderd', 'janthamanee76', 'qwemildss', 'avosya_', 'evelyn48__', 'FNfirst2', 'notmybbn', 'cbwrp_']",stable,1.1347485002307338,0.68577854747225,1.1347485002307338,Maintain position
Prophet Muhammad,37000.0,543,"['__Aisha_q56', 'experzvibes', 'xc_nigeria', 'ASIFAFG04166411', 'muslim_1065', 'TheNationNews', 'GTVNewsPk', 'NewsNowJK', 'TheKashmiriyat', 'Rosesharmaharsh', 'Nasir1015', 'AnatomyOfSufism', 'jabir298', 'tahirmbs', 'Efkar_1', 'AMCOSKILLBD', 'SHABNUM26', 'IbaLawalHO']",stable,0.014675279046512257,0.00886891813139278,0.014675279046512255,Maintain position
Collins,12000.0,210,"['AndreCFC1092', 'JaghoIvan', 'Promisetheguy', 'streetupdate24_', 'EdnaKB2', 'EZE970', 'David2398292847', 'StefanH38016719', 'spn1473315', 'PelumiAbiola7', 'iamAsurveyor', 'Living3Dream', 'HUSHUBBY', 'Shelli1961', 'JayOfTheDeadMF', 'NguyetDiem17065']",stable,0.01749854178818432,0.010575140278170421,0.01749854178818432,Maintain position
IdolFactory Treat FB Better,30000.0,1370,"['jongdalsaelee', 'FB_enthusiast', 'KPottzo', 'prado_nilda', 'freenkybymamits', 'Fb4ever123894', 'seleneleeee', 'Cassie_sone', 'VoHan2273', 'S_F_T_J', 'PSac_FreenBecky', 'pausiniannerys', 'JK1627LiNi', 'Aredek66', 'BrendaAlvi', 'KakarayanX']",stable,0.045665144495183496,0.027597460102965266,0.045665144495183496,Maintain position
Middle East,32000.0,101,"['DrAshishMahobi1', 'engin_gurp', 'IndiasWorld_mag', 'shamsilawal446', 'byzantinetx', 'grok', 'CalMan007', 'Yoginprakash1', 'UncleBuckbroken', 'veeryodha923942', 'AkKr38159858', 'mostafaalnjjar', 'transilienceai', 'UntergangGang', 'samdarrko', 'JokerSF77', 'aniol', 'racistmcneilly', 'PoliUnLimited']",stable,0.003156151370269679,0.0019074014214303784,0.003156151370269679,Maintain position
Hollow Knight,89000.0,143,"['o0mrm0o', 'Clownthesociety', 'EdgarEC_', '1CrazyFoxx1', 'KoutaPhantom', 'random_fedora', 'giovannirdamico', 'josh_co225', 'game_tvstation', 'RaccoonDuD', 'GreenGuyAnjo', 'sunnyman601', 'Bergino_Lviv', 'ImNotThisP3rson', 'vvolfer_x', 'youve_got', '701delta', 'TheRealDanberhe', 'PshyCover', 'DarthMicroT']",stable,0.00160672351996045,0.0009710138603258186,0.00160672351996045,Maintain position
MEMOIR LAST CHAPTER,193000.0,7,"['aoulways', 'sn013048', 'Msuttarot', '_dalbitkkot', 'FoxyJulie666', 'iimcream5', 'nobody6know', 'LilyHung821', 'xysweet2', 'teerakjaaa21', 'wdystaydream', 'tikktk1a', 'suttiluck02', 'ppprunprinzz', 'cherrymoonlo', 'ConnieHepo', 'Dani_5902', 'Verup6', 'jellyn0oom']",stable,3.6269242128279125e-05,2.1919102056176425e-05,3.626924212827913e-05,Maintain position
Perth,18000.0,379,"['pperthsantaaa', 'perthcy1129', '2017Ferret', 'elenastin', 'gemiyakiivers', 'Chester2019x', 'megasoundz1', 'clayses', 'BraunmanCoolguy', 'santav', 'BrisbaneWe21723', 'Werribee420melb', 'Perthtanaponbr_', 'SparkleSass555', 'BenDownPhilmac', 'saudinperth', 'YunD94974', 'PerthTrang68842']",stable,0.021054385867451807,0.012724093625297138,0.02105438586745181,Maintain position
Junmyeon,1333.0,1880,"['chanyeolliee02', 'lovexo_9', 'chan__yori', 'SeKaiPouts', 'imarriednanami', 'ctrlcentered', 'jhyunflwr', 'cherrymyeoni', 'HANNAHYUN98', '789Sahiba', 'phanci_png', 'elr7s', 'yanandyeol', 'noonananashop', 'iivvgoswimming', 'Noma_exol', 'g_luvs_exoahof', 'nhihao_', 'onddubu']",stable,1.409295352323838,0.8516993144115357,1.409295352323838,Maintain position
BLONDE JIMIN,68000.0,607,"['CloudLilac1', 'jmnbestiee', 'jeonpar46401335', 'pookiejiminnn', 'vmibear', 'pjmchaos_', 'Ldiyaa_', 'oh_itsdidi', 'escapismjjk', 'Preciousjiminy', 'moonstruckenha', 'namuskitchen_11', 'jiminievol', 'jjyamanikkyu', 'nstyjjj', 'pjmsmono', 'angelstar1632', 'nugajeon', 'Annette63376048']",stable,0.008926339318539433,0.00539458039456998,0.008926339318539433,Maintain position
Chargers,97000.0,184033,"['AmericaInvests', 'TheFindalorian', 'LasVUnderground', 'Mason77514013', 'nflpress_digest', 'TKMGMT04', 'y0rdan__', 'djdj0810', 'ChiefsOutWest', 'SanDiegoPete73', 'LASlayer13', 'kingmarrun276', 'EternalMis42758', 'ArrowheadPride', 'cobycobycoby98', 'AzspNews', 'yankeealvaro', 'CorbinLeMaster']",stable,1.897227863630272,1.1465784429586763,1.897227863630272,Maintain position
Hampton,11000.0,185018,"['SoIomonHill', 'jsbtarheel95', 'RichSharp95', 'AmericaInvests', 'TheFFHustle', 'grok', 'PDBetss', 'internet_james_', 'ozk4rh', 'JBforThr33', 'CantStopMilroe', 'SprayberryJay', '13BrianSmith', 'cjwynes', 'Bakxr', 'Shuggshot', 'burdknowsball', 'bigwiggles1', 'bankrollaction', 'xSPANNx']",emerging,16.818289246432144,10.164033676220951,16.818289246432144,Hop in now
Perth,18000.0,419,"['2017Ferret', 'BraunmanCoolguy', 'dumpnyamine', 'BenDownPhilmac', 'YunD94974', 'santav', 'PerthTrang68842', 'perthcy1129', 'Perthtanaponbr_', 'elenastin', 'gemiyakiivers', 'megasoundz1', 'saudinperth', 'Werribee420melb', 'clayses', 'SparkleSass555', 'BrisbaneWe21723', 'pperthsantaaa']",stable,0.023276484639742235,0.014067005881265172,0.02327648463974224,Maintain position
John Cena,43000.0,583,"['g7s19p16', 'ChristFaithNow', 'MarsJones277', 'countchrisHBZ', 'ChadBec82312937', 'ThomasWrrld', 'PepeMC26', 'KokoKareem_', 'TheeSaltine', 'pwtorchvip', 'GregHatlen', 'iitsTemper', 'Verbalycal', 'SOFIRESAPPHIRE', 'Nephzee_King', 'DontBAMark', 'VARcelona2don', '7amadabsi', 'wtflmaoooooi', 'WS_WolfStar']",stable,0.01355782423664566,0.008193590923451661,0.01355782423664566,Maintain position
IdolFactory Treat FB Better,29000.0,1422,"['Aredek66', 'PSac_FreenBecky', 'whatifering', 'Mariam61804259', 'Vayo_Bleu0805', 'BelovedxFB', 'S_F_T_J', 'freenkybymamits', 'sky_n_freen', 'FB_enthusiast', 'PhuongThao1217', 'Fb4ever123894', 'miduR_', 'prado_nilda', 'pausiniannerys', 'VoHan2273']",stable,0.049032791972690594,0.029632677946437903,0.049032791972690594,Maintain position
Department of War,101000.0,137,"['AskPerplexity', 'rosesnvines', 'CryptoMemeRaj', 'grok', 'TheDailyBreadUS', 'OrangeCryptoTec', 'AleksanderVolga', 'Bx75000841', 'WooshForLife', 'RUSSELLCOBURN10', 'thesarahsicard', 'MikeTroy81', 'Lars9596', 'asgoodasmachine', 'thee8252', 'Helix_W', 'njoroge86', 'JohnDoe73119552', 'omar6t9']",stable,0.001356422213641449,0.000819745745635252,0.001356422213641449,Maintain position
#BamBam_Concert_HOMETOWN,239000.0,135,"['Pimpai242', 'Luck_BB1a', 'Jomkuanchanok', 'mazu4377', 'Au40236042', 'Suni50211277S', 'JadeEmeral75443', 'NPanpiriya', 'SuwasiriT33551', 'Zulizz_B1', 'tuna09toto', 'As_nida9497', 'ThisisChollyBB', 'BBammie52', '1a_lili0302']",stable,0.0005648511930912423,0.00034136447913992856,0.0005648511930912423,Maintain position
queendom the series ep5,2233.0,47617,"['darlentinaur', 'canzhiting0815', 'j7heii', 'patheinfatuati', 'WeTVThailand', 'AG0R_mx', 'storebetweenus', 'AkoMontoo', 'GiniiG', 'LucyLeigut', 'wiljustbwl', 'riminus27']",emerging,21.314682184422562,12.88140216558451,21.314682184422562,Hop in now
Perth,18000.0,454,"['Perth_Traffic', 'guin261', 'hosperth', 'WITCHGRINDER', 'annapham112017', 'adelaideweeddd', 'judges119', 'MakeMacan', 'MrTbloke', 'Golden7PP', 'ianScot22628261', 'GoldCoastSUNS', 'emptycab', 'DaveDantu11', 'hypotenucse', 'rweckert']",stable,0.025220821065496363,0.015242054105237206,0.025220821065496363,Maintain position
#WeLove3000Cry,2148.0,500,"['BeydaMancias', 'Kattiana2023', 'lea1379303', 'crychingon', 'Cryboyer007', 'MarMatiascry', 'sharo53726', 'XBiebsCry', 'mmtdurden', 'Wary_Dom', 'arley2901', 'Karlaapmv_x', 'Maritza29960475', 'Saturniana11']",stable,0.23266635644485809,0.1406105369920929,0.23266635644485809,Maintain position
#Lingling7YActressJourney,229000.0,898,"['clrkort', 'PrivilegeBoah', 'MaCarmen_jara', 'Time4Moonlight', 'Sa_ke15', 'si23541', 'PrincessnLO', 'llk0511511', 'SoulAnd99965', 'Incanto0711', 'KlayleeJir70471', 'LO_YellowAries']",stable,0.003921380255981415,0.002369862974470984,0.003921380255981415,Maintain position
#StarAcademy,56644.0,4797,"['voguesfetish', 'FrostyQuinn94', 'MademoiDamee', 'ArnaqueDuCO2', 'electvod', 'Djou_m_', 'MINIKAMOON', 'David430Davis', '7Incorruptibles', 'CsapeForce4', 'khalifa_w20971', 'lenieteam', 'wri34k', 'u_teenagers', 'AllianceForce7', 'Khilaky_2', 'birdy_5847']",stable,0.0846853208579751,0.05117907300022415,0.0846853208579751,Maintain position
Tory,29000.0,1454,"['epicrell', 'sportmarketing1', '11cemetarygates', 'HodmanJohn', 'DigbyStrong', 'logic_b0mb', 'AnnBurnip', 'sailwithrob', 'gerdmullah', 'himajinSKY2', 'RandellSid69961', 'cheesewipe70442', 'picklesdesu', '4thxjuly', 'Sulla7890', 'Todayxtoday', 'Callan4077', 'tommy54w', 'markythesparky9', 'MamMie_Tory']",stable,0.05013620219992414,0.03029951739389642,0.05013620219992414,Maintain position
#Lingling7YActressJourney,229000.0,935,"['clrkort', 'PrivilegeBoah', 'Time4Moonlight', 'KlayleeJir70471', 'PrincessnLO', 'Incanto0711', 'shepherdv', 'SoulAnd99965', 'si23541', 'Sa_ke15', 'MaCarmen_jara', 'llk0511511', 'LO_YellowAries']",stable,0.0040829516028314285,0.0024675076627286964,0.0040829516028314285,Maintain position
Nate Eaton,22222.0,3556,"['DGensicki', 'LordLambdaThree', 'TruckBon', 'RickPierce02', 'Ronnyvee55', 'Kid_From_Quincy', 'RyanHallBallin', 'JMoney617_', 'Sopee_', 'Ringo1256', 'iinangelo', 'sarahsideline', 'J_Reed20', 'jonesythedude', 'RanseyO', 'PoisonHan_', 'MM_Enjoyer', 'alexjweiner']",stable,0.16001439949601765,0.09670375632901076,0.16001439949601765,Maintain position
billybabe is home,55555.0,8476,"['SSS_25982', 'pongthaijaroen6', 'YuIro0609', 'lovealwz', 'Sarayu_try', 'billybabebr', 'sasm7909', 'kwan_tap85', 'myyoukook97', 'MumuTofu9498__', 'elfromU', 'anwaachi']",stable,0.15256677946576427,0.09220283119411624,0.15256677946576427,Maintain position
Big Brother,23000.0,1445,"['RoiskyRoyce', 'vetoliscious', 'floolp', 'jakob_va', 'ikedadaiki_', 'TommyJrB', 'bb__bestie', 'ObinnaXLE', 'JordanBrace8', 'PatsFan0687', 'didCarly', 'tf0620', 'AMOU_JERRY', 'TheChikory', 'EmenugaChijioke', 'stonecoldblk', 'JokersBBUpdates', 'ivypetalz', 'ClamChowderLord']",stable,0.06282335550628233,0.03796692348804235,0.06282335550628233,Maintain position
Middle East,32000.0,90,"['transilienceai', 'JokerSF77', 'samdarrko', 'racistmcneilly', 'CalMan007', 'grok', 'jitin_pillai', 'veeryodha923942', 'UncleBuckbroken', 'PoliUnLimited', 'ConnManFrmDaNap', 'aniol', 'DrAshishMahobi1', 'UntergangGang', 'mostafaalnjjar', 'shamsilawal446', 'AkKr38159858', 'Yoginprakash1', 'byzantinetx']",stable,0.0028124121121214964,0.001699664632957763,0.0028124121121214964,Maintain position
Cars 4,33677.0,184363,"['LightslicerGP', 'Dylan_Flp', 'Vasillios12', 'TheCarsFan', 'quetan_ta', 'spiderdoraemon', 'OMODARATAN21', 'freemanaa9816', 'grok', 'udeochusp', 'AmericaInvests', 'TheBetterPath_', 'Manan_k13', 'SpiderApples41', 'Kalesbi_95', 'reden_vercetti', 'Calvin3D2Y', '_ggonz4', 'FilmCapitalist', 'HurricaneTemple']",emerging,5.474285883959855,3.3083523099492815,5.474285883959856,Hop in now
#ZeeNuNewCrazyInLoveConcert,54000.0,211,"['winktmw', 'DarlingAana', 'gamlkiop', 'pemai28halove', 'givernymone_t', 'myzunshinee', 'doublenunuchan', 'pen_mha', 'Fangseven', 'cutiewnn', 'suprslphth', 'LS1998LS', 'p_kaekae', 'Whale1796', 'pranck_09', 'DubeyzaHuanca', 'yzyzeenunew', 'znn20069', 'alexandria_5529']",stable,0.003907335049350938,0.0023613748368792285,0.003907335049350938,Maintain position
Boris,20000.0,442,"['alex40327746', 'KlausWahrheit', 'pages_and', 'Yarper8888', 'NickDav75301704', 'Mojca77748727', 'JouniRahk', 'LaterTruma80538', '2000_beep', 'Sandiag42664598', 'Zynismusexperte', 'FehringerMartin', 'eRotation', 'EhliNadene9107', 'therealgiggerl', 'Zeitungsjunge2', 'EvenLuckier', 'Nonodrivr', 'Pietbull47', 'onlysushine']",stable,0.022098895055247238,0.013355336577794648,0.022098895055247238,Maintain position
Rooney,10000.0,384,"['catchypiccolino', 'Mr__Billy', 'geniustesha10', 'jamrick_', 'sanjeev911', '_beingNumb', 'AFC_Cookie_', 'DaveDave70990', 'WayneAndersonJ1', 'MosesEdafe26199', 'wancrnls', 'ndet_0', 'LBeaunoir01', 'ToonPolls', 'DJF5315', 'Eidristaiwo', 'honestm4tty', 'MrXtrade', 'malo_UTD', 'Gren90']",stable,0.038396160383961604,0.023204492529640422,0.038396160383961604,Maintain position
Chargers,74000.0,410521,"['good_tweets_ted', 'ChargersRuined', 'SdpEmanuel', 'Chargers_Zone', 'afterglowabby_', 'btysonmd', 'TaylorTots86', 'nflpress_digest', 'VerloniousFunk', 'alltoocharles', 'AmericaInvests', 'derpcoconut24', 'hearinladotcom', 'hbtCHIEFS', 'sharma_S9', 'ambowski', 'arm4nrrr777', 'himmovie', 'Druly522', 'CGflipking']",emerging,5.547506114782233,3.3526025235681964,5.547506114782232,Hop in now
Worthy,50000.0,160,"['prominent0903', 'TaylorTots86', 'nflpress_digest', 'ChiT0wnSports23', 'D_OSheil', 'briansissy1', 'BobLobl90389332', 'RicoModernWorld', 'RastaCryptoMan', 'Bruins6477', 'ImShekhawat07', 'wrigjo01', 'malekinkysub', 'el_diamante3', 'ryangraver7341', 'tarat_211', 'leslievern1', 'xxxxxxButtercup', 'MoonObelisks']",stable,0.0031999360012799744,0.0019338624043263623,0.0031999360012799744,Maintain position
Western United,5555.0,191669,"['IsraelMilitaryC', 'DPhimphisane', 'thewswpost', 'footballvic', 'NickGalatas', 'AmericaInvests', 'azulabetter', 'PengAmy1', 'herwaysports', 'GileArkinon', 'the_stumpy', 'abcsport', 'The_JBS', 'CosmicMatt92', 'joeylynchy', 'wests_glory', 'ArthurKiousis', 'georgechocola', 'maphumanintent']",emerging,34.497660187185026,20.848456983682787,34.497660187185026,Hop in now
Worthy,55000.0,222,"['Quis1of1', 'araburuonyanco', 'Juju2_7_2_', 'KitzyWitzy', 'qwiket_nfl', 'D26585421D', 'Ahmed__Rufai', 'boxedlunch95', 'RestlessRagnar', 'luckyse7ens1', '247Grizzly', 'ChiefnMusicCity', 'PrimeFFL', 'nflpress_digest', 'SebastianW15210', 'Riddickownsyou', 'vivi_yuya', 'Taylor_Witt', 'Ceezcarter_', 'RipKobe242481']",stable,0.004036290249268195,0.002439308149565051,0.004036290249268195,Maintain position
#idolFactoryTH,57000.0,856,"['PSac_FreenBecky', 'whatifering', 'beckyyy_unaia', 'Mariam61804259', 'Vayo_Bleu0805', 'BelovedxFB', 'Saint_Billy_BLB', 'Becsmilktea', 'FernandaSocola', 'sky_n_freen', 'PhuongThao1217', 'kwan_tap85', 'LauraD4vil4', 'thisisdobleu', 'miduR_', 'prado_nilda', 'bobo_2580']",stable,0.015017280398589499,0.009075604626605938,0.015017280398589497,Maintain position
Department of War,102000.0,79,"['rtaenglish1', 'IrinaSeverin', 'TheSecretPony', 'sarahyokokawa', 'AboundingMyths', 'rk_suganthan', 'KarylTheCat', 'SeaLion_799', 'AzorInfo', 'Warrior6677799', 'KCRG', 'dawnu56', 'ectanker', '_sab_shubh_ho_', 'MaxxWinter', 'WillUK1776', '12OnYourSide', 'Kwame19888891', 'laughing747']",stable,0.0007745022107626396,0.000468065832211147,0.0007745022107626396,Maintain position
billybabe is home,5555.0,8481,"['YuIro0609', 'billybabebr', 'pongthaijaroen6', 'anwaachi', 'myyoukook97', 'kwan_tap85', 'elfromU', 'lovealwz', 'SSS_25982', 'sasm7909', 'MumuTofu9498__', 'Sarayu_try']",stable,1.5264578833693305,0.92250579738306,1.5264578833693303,Maintain position
billybabe is home,43546.0,8452,"['elfromU', 'pongthaijaroen6', 'MumuTofu9498__', 'billybabebr', 'lovealwz', 'SSS_25982', 'YuIro0609', 'myyoukook97', 'sasm7909', 'anwaachi', 'Sarayu_try', 'kwan_tap85']",stable,0.19408914506165753,0.11729662736143737,0.19408914506165753,Maintain position
Worthy,52000.0,448,"['wannabejake9', '0xabys', 'RickieRicCardo', 'D_OSheil', 'KapilV_B', 'prettyinpa1n', 'melodante12548', 'jake_jons', 'abby_love4ever', 'elchurcho64', 'GothamHero_', 'tarat_211', 'abellanam', '7amadabsi', 'amykhaingmin']",stable,0.008615218938097344,0.0052065566319959775,0.008615218938097345,Maintain position
IdolFactory Treat FB Better,32000.0,846,"['KPottzo', 'AlFB_LOVE', 'Cassie_sone', 'Leccis2', 'BelovedxFB', 'ParulNi84747170', 'PhuongThao1217', 'irazema_ma', 'molecules87', 'Vayo_Bleu0805', 'miduR_', 'sal_freenbeck', 'CUABU_FB', 'FB_enthusiast', 'iribe00', 'Mariam61804259', 'PSac_FreenBecky']",stable,0.026436673853942064,0.015976847549802973,0.026436673853942064,Maintain position
Charlotte Cardin,333.0,2008,"['Altesse64', 'okayyy0210', 'WEPremiere', 'wri34k', 'cclolita22', 'SamSolissss', 'emmaaaaa13', 'db_matilde', 'BFMTV', 'Dilatelarathe', 'voguesfetish', 'gossy16', 'CallMeLovatics', 'lenieteam', 'kalisa828893', 'easiertobabylon', 'Khilaky_2', 'BFMTV_People', 'LeMagStarAc', 'S0MAERICAN']",emerging,6.0119760479041915,3.6333021817004987,6.011976047904192,Hop in now
#anpoconf_Tokyo,98763.0,2417,"['bandainokairai1', 'hatara9_9ruma', 'mu_fantom', 'Sogekisyu01', 'KISARAG21575259', '4_ykk', 'F100TMW', 'MasaruJsdf', 'anpoconf', 'CdZwn0', 'LeeV23313810', '560_krush', 'KAME65437759']",stable,0.024472479850957837,0.014789798516430083,0.02447247985095784,Maintain position
Duchess of Kent,18000.0,392,"['geraldi79421313', 'MrsFHarbottle', 'brndwashington', '9aCedarCourt', 'pluckiepluck', 'day156324', 'paulnickersonuk', 'kamjoe3', 'KRMGtulsa', 'Geraldi67883608', 'MeganHa40250780', 'truckindiesel', 'JohnMcK42214', 'utahagen', 'brozovicbasic', 'omega_paladin', 'troyrecord', 'Anthea143289202']",stable,0.0217765679684462,0.01316054010848675,0.0217765679684462,Maintain position
Alice Springs,38444.0,1611,"['Oracle285684417', 'CherryA55893558', 'Maggie_Perry6', 'entropy_enjoyer', 'Skyjacksonic68', 'Stayseaok', 'bluenaomi', 'RoadknightThe', 'AubertAustralia', 'jarodhitchcock', 'AUSNIAN', 'Orange_Guy_420', 'TonBased1', 'oxley8150', 'ReadyPen3', 'markede05626239', 'hereticaliberal', 'bandtistbraden', 'Oliver1330776']",stable,0.041904018728053063,0.025324445981405555,0.041904018728053063,Maintain position
Socceroos,119974.0,9427,"['serieAchronpod', 'jordanspurcell', 'SBSSportau', 'Socceroos', 'AlexfromMelb', 'maimaidenden', 'cmail_sport', 'Footbal64150902', 'codefootballau', 'CCMariners', 'RaneroAndres', 'wswanderersfc', 'USMNTfanatics16', 'arcadia441', 'CosmicMatt92', 'heraldsunsport', 'Adopta1Indigena', 'RocBSyd']",stable,0.07857470306313816,0.047486157261935634,0.07857470306313814,Maintain position
#ThatSummerSeries,12000.0,1723,"['aiishizes', 'kkhunkonmek', 'ploy_sonsawan02', 'nnuttobaekly', 'yywwppgmnfwnst', 'squarrium', '_5thmonth', 'candy_bombam', 'firstsnowiie', 'melinmin', 'vvaternnn', 'rubyilesi', 'AllPrince_7', 'mayymsy', 'caidideo', 'TicketsMeena', 'pstmnrp', 'fferndammm', 'WinnySatangBR']",stable,0.14357136905257895,0.08676650809184587,0.14357136905257897,Maintain position
IdolFactory Treat FB Better,30000.0,749,"['AlFB_LOVE', 'Mariam61804259', 'FB_enthusiast', 'ParulNi84747170', 'miduR_', 'iribe00', 'PhuongThao1217', 'Leccis2', 'molecules87', 'irazema_ma', 'Vayo_Bleu0805', 'sal_freenbeck', 'Cassie_sone', 'whatifering', 'KPottzo', 'CUABU_FB', 'PSac_FreenBecky', 'BelovedxFB']",stable,0.02496583447218426,0.015087954465051812,0.024965834472184263,Maintain position
LETS LIGHT IT UP,88422.0,414,"['V4MPIREW4Y', 'Brd01234', 'luiscortezxo', 'machinegunkalvo', 'yoshiofblue56', 'DillonPillay08', 'shesafansirrr', 'mikmercersk', 'HighSpotPodcast', 'CoachOllie_5', 'TheePhoenixYT', 'AllEliteLeo', 'notyourpoms', 'JaaliPasha', 'minion1_20', 'ahaf21', 'ManiaFLM', 'CrypticIrisMKW', 'quency_____']",stable,0.004682039740791423,0.0028295630370909638,0.004682039740791423,Maintain position
#TheLastDriveIn,24555.0,102,"['uncool_mutant', 'Mythos_13', 'seattlescreams', 'EyE_dIg_GrAvEs', 'ManWithPez', 'SJBPS4', 'JayOfTheDeadMF', 'idsblake', 'NathanLive', 'soapreporter', 'theshadowknows3', 'Markdful', 'JLuB9', 'mlwaller', 'SeanWhitmore']",stable,0.0041537709724710865,0.002510306930085745,0.0041537709724710865,Maintain position
Hollow Knight,89000.0,86,"['karrotdraws', 'GamerBraves', 'tokagekko', '05LumberJack', 'toki504_HK', 'Vadimm555', 'cafelz_', 'suedama4682', 'MiaSkylar', 'TheAkaka123', 'RobPajamas', 'Impireon', 'JoyconDriftYT', 'TheWarBlackjack', 'grok', 'Rohcodom', 'AquaLirae', 'Krizlot', 'antffius', 'cenicerofender']",stable,0.0009662812777384524,0.0005839663775386042,0.0009662812777384524,Maintain position
queendom the series ep5,25555.0,47594,"['storebetweenus', 'AkoMontoo', 'patheinfatuati', 'riminus27', 'LucyLeigut', 'WeTVThailand', 'darlentinaur', 'canzhiting0815', 'AG0R_mx', 'GiniiG', 'wiljustbwl', 'j7heii']",stable,1.8623415244952262,1.1254950901507268,1.8623415244952262,Maintain position
#ReverieTour,89000.0,5290,"['RJTA4xx', 'Pjoaor', 'lalali2024', 'buatong9', 'jm2ushop', 'tjbiko', 'kpoprain_', 'fundaybuddy', 'Babycharoom2', 'lucirinat', 'papatity', 'chnyeolliecious', 'lydmrmr', 'Mapranggg1708', 'stalonmemer']",stable,0.05943753440972573,0.035920722525339725,0.05943753440972573,Maintain position
Foreign Secretary,22000.0,5274,"['ckombos', 'dyatlov75', 'Chubbyinurhed', 'SenatorWong', 'Chinaembmanila', 'UKDefJournal', 'Baylonious', 'jonw101961', 'TheCryptoBull11', 'DDIndialive', 'AndrewGoldthor3', 'jim_sheen36986', 'IndiaBeyond7', 'Stephen87386723', 'adha_naan', 'airnewsalerts', 'Defencematrix1', 'comradeKrack', 'jumping89', 'DailyBeijing']",stable,0.23971637652833963,0.14487117494976995,0.23971637652833963,Maintain position
Bronx,87642.0,262,"['JRPrince8', 'Buttermilksky1', 'andreeeaau', 'SheepoLeMouton', 'TheStrikeOutFr', 'Denny_Bronx_', 'JBroomestix', 'Bronx_wrangler', 'JHUNG619', 'spaciba', 'bronx_works_pro', 'beanytwitte_r', 'Ernesttt369317', 'ymaiga54', 'KEIBASUKO', 'AFR0ninja42O', 'Max_Khalanga', 'itutheprince']",stable,0.002989400180276805,0.0018066263255925516,0.002989400180276805,Maintain position
Radiohead,280864.0,509,"['_replicant_xcx_', 'AlvnG_', 'spel_acchiotto', 'kibeniis', 'sky2fa1l', 'Kiba_Aussie', 'laker1989', 'luxaeternakls', 'Kumakuma9', 'kirbysssssayhi', 'triviahct', 'Uzoma_Jude_C', 'GlitchTheCode', 'Jona76818364', 'R30225542', 'lidzigsezim', 'ditzdain', 'viribidibam', 'sandeshpath', 'Mauro1391']",stable,0.0018122585583821408,0.0010952277456711791,0.0018122585583821408,Maintain position
#TJBB_FC,2300.0,668,"['xx_rily_xx', 'taki_kun012o', 'antares_1108', 'shinobu_bbpp', 'swtk_d0c0b', 'ks_ron14', '__llmmxl', 'N6rkt59', 'Utan_21316', 'drms__jz', 'Love24LDH831110', '3RSFL', 'matsubomeans1', 'tomo7559', 'pompom_orange']",stable,0.29030856149500217,0.17544626283297096,0.29030856149500217,Maintain position
Winter Party,29800.0,1189,"['teketeke_ahaha', 'puregenki', 'thluv3', 'DNA_Queen', 'ake_tag', 'satoimomon3103', '_ko_kan_aka_', 'rdap_rin5_nm00', 'mik_K_otorihiki', 'noir_1412', 'cha_10HR', 'eieinawk', 'Natthx4468', 'otona_den5219', 'mame2528T', 'A_yumj', 'yunyun_knights', 'tL55ZO4IagRFnGM', 'zahura__totoi']",stable,0.03989799000033556,0.024112114379467336,0.03989799000033556,Maintain position
#BCLions,88700.0,14234,"['PatBulmer1', 'DJHeerMusic', 'richinvancity', 'FarhanLaljiTSN', 'BCLionsDen', 'ravira', 'RiderCharm', 'T_Peters27', 'BobCobbMaestro1', 'CFL_News', 'AnnefromOntario', 'RoarReport', 'IvyArunan1096', 'fredthealien316', 'JaonsVan', 'BCLions', 'mvbenter', 'GlennYoung_PE']",stable,0.16047169704963868,0.09698012140199486,0.16047169704963868,Maintain position
Middle East,32000.0,50,"['TimurYarbay', 'Doggiesman', 'gizmo25536825', 'PhillaDayZilla', 'JohnSmi77078444', 'residential1', 'Joem1899', 'Beefnoodle9', 'DanteNDigitalis', 'JaydereidX83034', 'godse437', 'EndoceneHunter', 'TheBaronVonByte', 'khoshakhlag', 'AkaLazarus', 'dkbanik', 'keye_duncan', 'SunShine86914', 'blower_stephen']",stable,0.0015624511734008313,0.0009442581294209795,0.0015624511734008313,Maintain position
BLONDE JIMIN,67000.0,3767,"['nugajeon', 'pookiejiminnn', 'docthrembo', 'polar_nights_', 'Annette63376048', 'for_bang_tan', 'jmnbestiee', 'jeonpar46401335', 'jiminhistory', 'karenapahit', 'divinekoomin', 'escapismjjk', 'angelstar1632', 'jjyamanikkyu', 'pjmsmono', 'Ldiyaa_', 'bolalachoo10', 'oh_itsdidi', 'namuskitchen_11', 'JiminKpopKING']",stable,0.05622304144714258,0.03397806270751066,0.05622304144714258,Maintain position
Love Upon a Time Q11,12000.0,2435,"['flow2098', 'Lattekim__', 'capibaracarrot', 'forluatupdate', 'usernameisgiven', 'ntjjrcp', 'YmTaekook76898', 'rndjww96', 'lovesiraphop', 'malamindahlink', 'dmdboys_latam']",stable,0.20289975835347054,0.12262126941592844,0.20289975835347057,Maintain position
#SymphoNare,973500.0,12436,"['Assyu_inaire', 'takki_pt', 'ZhT40pcpPHIqihH', 'kamasima', 'MIC_301_655_722', 'raga0727', 'plane_ul_n', 'Rela_rila', 'enenperapera', 'badspeedplay666', 'rindarinda0220', 'Neneko_K3', 'bunny_1111', 'Lv0_NoSKILL', 'SYMPHOGEAR', 'takeove30553150', 'rui_boss_cha', 'kanegon_373', 'oite_0120']",stable,0.012774511787866679,0.007720200675981536,0.012774511787866679,Maintain position
Scotland,64000.0,626,"['Hippychippy56', 'FRings4Ever', 'jmck26911962', 'Scottielad1975', 'BrianMcL6', 'ochawarichan', 'teachdresscode', 'bettybop49', 'SarveshMeet', 'ClaraJones62690', 'grok', 'MarydeVille1', 'Woman_AHF', 'normsdeguerre', 'iam_me_only01', 'RossMcGarrie4', 'mm_tiger', 'Angel41527796', 'Sirlebert']",stable,0.009781097170356714,0.00591114824898051,0.009781097170356712,Maintain position
From CNBLUE UN Support,75320.0,10249,"['w_anggra', 'lizhimin778863', 'lovely_eyla', 'sg_shirleyc', 'Ainnahah', 'dinimollababy', 'JYHBestRockStar', 'wnyeffects', 'CNBLUE_UN_Spt', 'AmkaLurun']",stable,0.13607094966875108,0.08223367397976877,0.13607094966875108,Maintain position
Chargers,92000.0,20940,"['lghrblh265', 'Elitetips254', 'himmovie', 'robssontadeu', 'HenYay', 'ghostoaless', 'ChargersGifs', 'dougmarlin01', 'ReeseWDavidson', 'WesSappington9', 'FleshMech_', 'RobertG2324', 'ensoroots', 'Bigsports0', 'hectorjrc27', 'ZerkTalk', 'PresidentXavi', 'jebocalypse', 'tbailey1976']",stable,0.22760622167150357,0.13755247445737329,0.22760622167150357,Maintain position
Seth,22000.0,170,"['crimsonmanic24', 'jitendr16246295', 'TheGaffer_86', 'DHerd25', 'DilSeMemes', 'TerriPaul214940', 'Priyang87', 'AyoMaudy_', 'BABYMETALFAN97', 'TheGodImizz23', 'fucking_scary', 'superagent_g', 'HoosierColt1986', 'tribal_lunatic', 'GibsonMenace77', 'SMRJSL', 'ARaelkk5813', 'HuskusFan', 'mantse_ii', 'luka_meah']",stable,0.00772692150356802,0.004669719329059707,0.00772692150356802,Maintain position
#Lingling7YActressJourney,229000.0,936,"['si23541', 'Incanto0711', 'LO_YellowAries', 'MaCarmen_jara', 'llk0511511', 'SoulAnd99965', 'PrivilegeBoah', 'KlayleeJir70471', 'PrincessnLO', 'Sa_ke15', 'Time4Moonlight', 'clrkort', 'shepherdv']",stable,0.0040873183959895375,0.0024701467083572837,0.004087318395989537,Maintain position
#The_DECADE_of_DAY6,87662.0,32737,"['KITTY_1010_CAT', 'iamaneugeu', 'from_ddungdin', 'MonstaJooMin', 'dowoongdowoong', 'teachdresscode', 'floresslovely', 'from_haei', 'myday0826', 'Nadycasylva', 'PortalDAY6BR', 'yourbuddyOT6', 'Guun_bam_', 'ZeeBrym53411', 'Soso__3244', 'MindZeaBetter', '_deoksu6', 'lunaweb3_', 'maumfd6']",stable,0.37344147473848716,0.22568714746922422,0.37344147473848716,Maintain position
Home Secretary,95000.0,704,"['grok', 'RichardBunning', 'JackJaack1243', 'Eurasian68', 'BitcoinAgent_C', 'Defencematrix1', 'Peaceou97195237', 'latestly', 'lindasweet1234', 'Hogueless42', 'PoornimaNimo', 'GeorgeRobley', 'c_b_l_2005', 'gilo747', '72LeoTheLion', 'bairter2015', 'LarryDJonesJr', 'Theseus2323']",stable,0.00741044831107041,0.004478460626165816,0.00741044831107041,Maintain position
Duchess of Kent,18000.0,291,"['paulnickersonuk', 'geraldi79421313', 'uhurumzalendo1', 'JohnMcK42214', 'MeganHa40250780', 'kamjoe3', 'truckindiesel', 'utahagen', 'callingoutthee1', 'day156324', 'KRMGtulsa', 'brozovicbasic', 'Anthea143289202', 'pluckiepluck', 'Geraldi67883608', 'MrsFHarbottle', '9aCedarCourt']",stable,0.016165768568412866,0.00976968666216746,0.016165768568412866,Maintain position
#ZeeNuNew2ndConcert,47000.0,223,"['DarlingAana', 'gamlkiop', 'pemai28halove', 'kitnemzonzon', 'myzunshinee', 'doublenunuchan', 'pen_mha', 'Fangseven', 'maysymyy', 'suprslphth', 'ohananadda', 'p_kaekae', 'Tippawanmai1', 'skyxtacle', 'pranck_09', 'sealticket246', 'yzyzeenunew', 'znn20069', 'alexandria_5529']",stable,0.0047445799025552645,0.002867358814115006,0.0047445799025552645,Maintain position
Wimbledon,89000.0,166,"['KamalUttrakhand', 'Uxair11khan', 'casino29', 'marioorozgon', 'DforDvnsh_', 'theKORisneverD', 'NickAhlborn', 'HalSear', 'omega_paladin', 'Ridwaan_Bello', 'TennisInthePar1', 'anonymo47425352', 'ReportDeportes', '_Spurrr', 'LeonBestTips', 'addylew_27', 'Ynsslbr', 'troyrecord', 'esasperatAnto']",stable,0.0018651475826114313,0.0011271909147838174,0.0018651475826114313,Maintain position
Prophet Muhammad,37000.0,305,"['NemotoJojo85537', 'Deenitweets', 'MUHAMMAD735560', 'Idjack12', 'savingsgovpk', 'HisaabERP', 'aboodlavish', 'XsaaaKhaan', 'umar_amx', 'Bshirhamman', 'cesarnotcesar', 'usmaaN23', 'Virgoonx', 'danishzafar11', 'faraz_bina', 'ArshiMinhajul', 'grok', 'FatimaDar_jk']",stable,0.008243020458906515,0.004981620681537381,0.008243020458906515,Maintain position
Love Upon a Time Q11,12000.0,2434,"['usernameisgiven', 'ntjjrcp', 'malamindahlink', 'lovesiraphop', 'flow2098', 'Lattekim__', 'rndjww96', 'capibaracarrot', 'forluatupdate', 'dmdboys_latam', 'YmTaekook76898']",stable,0.202816431964003,0.12257091160508,0.202816431964003,Maintain position
Chargers,100000.0,221099,"['PropsParlay', 'BlueTurtlin', 'OvoJayjay', 'sayheydst', 'SepbackStories', 'bigwiggles1', 'ARomA_78', 'Rok16Ragna', 'AmericaInvests', 'chazflan1990', 'MoneyManBryan3', 'CT_Huffy', 'savagedrewski', 'TeamYouTube', 'C_Jeezy315', 'ossevi', 'CaseyRahn71', 'TheMeatDragon', 'SoFi', 'FatKidDeals']",peak,2.210967890321097,1.3361853732557334,2.210967890321097,Leverage while peak
BLONDE JIMIN,67000.0,598,"['escapismjjk', 'angelstar1632', 'jjyamanikkyu', 'nstyjjj', 'CloudLilac1', 'oh_itsdidi', 'jiminievol', 'pjmsmono', 'Ldiyaa_', 'Annette63376048', 'jeonpar46401335', 'pjmchaos_', 'moonstruckenha', 'namuskitchen_11', 'vmibear', 'Preciousjiminy', 'nugajeon', 'jmnbestiee', 'pookiejiminnn']",stable,0.008925239921792212,0.00539391598064544,0.008925239921792212,Maintain position
MEMOIR LAST CHAPTER,188000.0,3,"['jellyn0oom', 'immiinq', 'memv_9', 'Dani_5902', 'aouboomsimp', 'mindmintforMM', 'ranmaru329', 'AouFamily', 'iimcream5', '_dalbitkkot', 'Soloxte658807', 'greatinn_italia', 'Hope_nnt', 'NomNomHanger', 'aoulways', 'williamestrise', 'Hiaki_sk']",stable,1.595736192892591e-05,9.643737341695234e-06,1.595736192892591e-05,Maintain position
Lucas Digne,9762.0,6106,"['Apollo11_1618', 'stade_fred1969', 'CompsJeune', 'adler_p', 'amiral_bgm', 'YougoParigo', 'um_Fel', 'LAA1308', 'scorkpkiller', 'grok', 'ChillyJayJay', 'nocntxtreplyguy', 'ElChoricito', 'LambDonner', 'lucas_gzc', 'pain_za3tar', 'bilkiki', 'jean_blaize', '_2Lille']",stable,0.625422513571648,0.3779703985741314,0.625422513571648,Maintain position
John Cena,43000.0,750,"['sidivs', 'MarsJones277', 'g7s19p16', 'ChadBec82312937', 'PrestonHoover11', 'DontBAMark', 'VARcelona2don', 'MilanReuv99', 'pwtorchvip', 'GregHatlen', 'TheeSaltine', '7amadabsi', 'Nephzee_King', 'WS_WolfStar', 'countchrisHBZ', 'wtflmaoooooi', 'iitsTemper', 'ChristFaithNow', 'SOFIRESAPPHIRE', 'ThomasWrrld']",stable,0.01744145484988721,0.010540640124508997,0.01744145484988721,Maintain position
Quentin Johnston,987222.0,187461,"['AsaArnold4', 'RotoBallerNFL', 'FDRbrn', 'TheFindalorian', 'RichSharp95', 'AmericaInvests', 'qwiket_nfl', 'boltzgalaxy', 'StewieG_18', 'FFPC', 'DerwinWorld', 'GameBlazersFF', 'SleezBomb', 'hcf_m2h', 'TheMightyJ10', '4WhomJBellTolls', 'ChargersCountry', 'AzspNews', 'JaredVeggie', 'RicoGennero']",stable,0.18988718860885534,0.11475719982118647,0.18988718860885534,Maintain position
Love Upon a Time Q11,12000.0,2332,"['lovesiraphop', 'malamindahlink', 'rndjww96', 'flow2098', 'Lattekim__', 'usernameisgiven', 'YmTaekook76898', 'capibaracarrot', 'ntjjrcp', 'dmdboys_latam', 'forluatupdate']",stable,0.19431714023831348,0.11743441489854009,0.19431714023831348,Maintain position
Alice Springs,998663.0,1599,"['oxley8150', 'bluenaomi', 'ReadyPen3', 'markede05626239', 'bandtistbraden', 'hereticaliberal', 'AUSNIAN', 'CherryA55893558', 'Maggie_Perry6', 'AubertAustralia', 'Skyjacksonic68', 'Oliver1330776', 'RoadknightThe', 'Stayseaok', 'TonBased1', 'jarodhitchcock', 'entropy_enjoyer', 'Oracle285684417', 'Orange_Guy_420']",stable,0.001601139121866814,0.0009676389623529359,0.0016011391218668139,Maintain position
